Departamento_id;Nome_departamento
1;Recursos Humanos Unidade 001
2;Marketing Unidade 002
3;Financas Unidade 003
4;Tecnologia Unidade 004
5;Operacoes Unidade 005
6;Comercial Unidade 006
7;Juridico Unidade 007
8;Atendimento Unidade 008
9;Logistica Unidade 009
10;Produto Unidade 010
11;Compras Unidade 011
12;Controladoria Unidade 012
13;Planejamento Unidade 013
14;Treinamento Unidade 014
15;Dados Unidade 015
16;Recursos Humanos Unidade 016
17;Marketing Unidade 017
18;Financas Unidade 018
19;Tecnologia Unidade 019
20;Operacoes Unidade 020
21;Comercial Unidade 021
22;Juridico Unidade 022
23;Atendimento Unidade 023
24;Logistica Unidade 024
25;Produto Unidade 025
26;Compras Unidade 026
27;Controladoria Unidade 027
28;Planejamento Unidade 028
29;Treinamento Unidade 029
30;Dados Unidade 030
31;Recursos Humanos Unidade 031
32;Marketing Unidade 032
33;Financas Unidade 033
34;Tecnologia Unidade 034
35;Operacoes Unidade 035
36;Comercial Unidade 036
37;Juridico Unidade 037
38;Atendimento Unidade 038
39;Logistica Unidade 039
40;Produto Unidade 040
41;Compras Unidade 041
42;Controladoria Unidade 042
43;Planejamento Unidade 043
44;Treinamento Unidade 044
45;Dados Unidade 045
46;Recursos Humanos Unidade 046
47;Marketing Unidade 047
48;Financas Unidade 048
49;Tecnologia Unidade 049
50;Operacoes Unidade 050
51;Comercial Unidade 051
52;Juridico Unidade 052
53;Atendimento Unidade 053
54;Logistica Unidade 054
55;Produto Unidade 055
56;Compras Unidade 056
57;Controladoria Unidade 057
58;Planejamento Unidade 058
59;Treinamento Unidade 059
60;Dados Unidade 060
61;Recursos Humanos Unidade 061
62;Marketing Unidade 062
63;Financas Unidade 063
64;Tecnologia Unidade 064
65;Operacoes Unidade 065
66;Comercial Unidade 066
67;Juridico Unidade 067
68;Atendimento Unidade 068
69;Logistica Unidade 069
70;Produto Unidade 070
71;Compras Unidade 071
72;Controladoria Unidade 072
73;Planejamento Unidade 073
74;Treinamento Unidade 074
75;Dados Unidade 075
76;Recursos Humanos Unidade 076
77;Marketing Unidade 077
78;Financas Unidade 078
79;Tecnologia Unidade 079
80;Operacoes Unidade 080
81;Comercial Unidade 081
82;Juridico Unidade 082
83;Atendimento Unidade 083
84;Logistica Unidade 084
85;Produto Unidade 085
86;Compras Unidade 086
87;Controladoria Unidade 087
88;Planejamento Unidade 088
89;Treinamento Unidade 089
90;Dados Unidade 090
91;Recursos Humanos Unidade 091
92;Marketing Unidade 092
93;Financas Unidade 093
94;Tecnologia Unidade 094
95;Operacoes Unidade 095
96;Comercial Unidade 096
97;Juridico Unidade 097
98;Atendimento Unidade 098
99;Logistica Unidade 099
100;Produto Unidade 100
101;Compras Unidade 101
102;Controladoria Unidade 102
103;Planejamento Unidade 103
104;Treinamento Unidade 104
105;Dados Unidade 105
106;Recursos Humanos Unidade 106
107;Marketing Unidade 107
108;Financas Unidade 108
109;Tecnologia Unidade 109
110;Operacoes Unidade 110
111;Comercial Unidade 111
112;Juridico Unidade 112
113;Atendimento Unidade 113
114;Logistica Unidade 114
115;Produto Unidade 115
116;Compras Unidade 116
117;Controladoria Unidade 117
118;Planejamento Unidade 118
119;Treinamento Unidade 119
120;Dados Unidade 120
121;Recursos Humanos Unidade 121
122;Marketing Unidade 122
123;Financas Unidade 123
124;Tecnologia Unidade 124
125;Operacoes Unidade 125
126;Comercial Unidade 126
127;Juridico Unidade 127
128;Atendimento Unidade 128
129;Logistica Unidade 129
130;Produto Unidade 130
131;Compras Unidade 131
132;Controladoria Unidade 132
133;Planejamento Unidade 133
134;Treinamento Unidade 134
135;Dados Unidade 135
136;Recursos Humanos Unidade 136
137;Marketing Unidade 137
138;Financas Unidade 138
139;Tecnologia Unidade 139
140;Operacoes Unidade 140
141;Comercial Unidade 141
142;Juridico Unidade 142
143;Atendimento Unidade 143
144;Logistica Unidade 144
145;Produto Unidade 145
146;Compras Unidade 146
147;Controladoria Unidade 147
148;Planejamento Unidade 148
149;Treinamento Unidade 149
150;Dados Unidade 150
151;Recursos Humanos Unidade 151
152;Marketing Unidade 152
153;Financas Unidade 153
154;Tecnologia Unidade 154
155;Operacoes Unidade 155
156;Comercial Unidade 156
157;Juridico Unidade 157
158;Atendimento Unidade 158
159;Logistica Unidade 159
160;Produto Unidade 160
161;Compras Unidade 161
162;Controladoria Unidade 162
163;Planejamento Unidade 163
164;Treinamento Unidade 164
165;Dados Unidade 165
166;Recursos Humanos Unidade 166
167;Marketing Unidade 167
168;Financas Unidade 168
169;Tecnologia Unidade 169
170;Operacoes Unidade 170
171;Comercial Unidade 171
172;Juridico Unidade 172
173;Atendimento Unidade 173
174;Logistica Unidade 174
175;Produto Unidade 175
176;Compras Unidade 176
177;Controladoria Unidade 177
178;Planejamento Unidade 178
179;Treinamento Unidade 179
180;Dados Unidade 180
181;Recursos Humanos Unidade 181
182;Marketing Unidade 182
183;Financas Unidade 183
184;Tecnologia Unidade 184
185;Operacoes Unidade 185
186;Comercial Unidade 186
187;Juridico Unidade 187
188;Atendimento Unidade 188
189;Logistica Unidade 189
190;Produto Unidade 190
191;Compras Unidade 191
192;Controladoria Unidade 192
193;Planejamento Unidade 193
194;Treinamento Unidade 194
195;Dados Unidade 195
196;Recursos Humanos Unidade 196
197;Marketing Unidade 197
198;Financas Unidade 198
199;Tecnologia Unidade 199
200;Operacoes Unidade 200
201;Comercial Unidade 201
202;Juridico Unidade 202
203;Atendimento Unidade 203
204;Logistica Unidade 204
205;Produto Unidade 205
206;Compras Unidade 206
207;Controladoria Unidade 207
208;Planejamento Unidade 208
209;Treinamento Unidade 209
210;Dados Unidade 210
211;Recursos Humanos Unidade 211
212;Marketing Unidade 212
213;Financas Unidade 213
214;Tecnologia Unidade 214
215;Operacoes Unidade 215
216;Comercial Unidade 216
217;Juridico Unidade 217
218;Atendimento Unidade 218
219;Logistica Unidade 219
220;Produto Unidade 220
221;Compras Unidade 221
222;Controladoria Unidade 222
223;Planejamento Unidade 223
224;Treinamento Unidade 224
225;Dados Unidade 225
226;Recursos Humanos Unidade 226
227;Marketing Unidade 227
228;Financas Unidade 228
229;Tecnologia Unidade 229
230;Operacoes Unidade 230
231;Comercial Unidade 231
232;Juridico Unidade 232
233;Atendimento Unidade 233
234;Logistica Unidade 234
235;Produto Unidade 235
236;Compras Unidade 236
237;Controladoria Unidade 237
238;Planejamento Unidade 238
239;Treinamento Unidade 239
240;Dados Unidade 240
241;Recursos Humanos Unidade 241
242;Marketing Unidade 242
243;Financas Unidade 243
244;Tecnologia Unidade 244
245;Operacoes Unidade 245
246;Comercial Unidade 246
247;Juridico Unidade 247
248;Atendimento Unidade 248
249;Logistica Unidade 249
250;Produto Unidade 250
251;Compras Unidade 251
252;Controladoria Unidade 252
253;Planejamento Unidade 253
254;Treinamento Unidade 254
255;Dados Unidade 255
256;Recursos Humanos Unidade 256
257;Marketing Unidade 257
258;Financas Unidade 258
259;Tecnologia Unidade 259
260;Operacoes Unidade 260
261;Comercial Unidade 261
262;Juridico Unidade 262
263;Atendimento Unidade 263
264;Logistica Unidade 264
265;Produto Unidade 265
266;Compras Unidade 266
267;Controladoria Unidade 267
268;Planejamento Unidade 268
269;Treinamento Unidade 269
270;Dados Unidade 270
271;Recursos Humanos Unidade 271
272;Marketing Unidade 272
273;Financas Unidade 273
274;Tecnologia Unidade 274
275;Operacoes Unidade 275
276;Comercial Unidade 276
277;Juridico Unidade 277
278;Atendimento Unidade 278
279;Logistica Unidade 279
280;Produto Unidade 280
281;Compras Unidade 281
282;Controladoria Unidade 282
283;Planejamento Unidade 283
284;Treinamento Unidade 284
285;Dados Unidade 285
286;Recursos Humanos Unidade 286
287;Marketing Unidade 287
288;Financas Unidade 288
289;Tecnologia Unidade 289
290;Operacoes Unidade 290
291;Comercial Unidade 291
292;Juridico Unidade 292
293;Atendimento Unidade 293
294;Logistica Unidade 294
295;Produto Unidade 295
296;Compras Unidade 296
297;Controladoria Unidade 297
298;Planejamento Unidade 298
299;Treinamento Unidade 299
300;Dados Unidade 300
301;Recursos Humanos Unidade 301
302;Marketing Unidade 302
303;Financas Unidade 303
304;Tecnologia Unidade 304
305;Operacoes Unidade 305
306;Comercial Unidade 306
307;Juridico Unidade 307
308;Atendimento Unidade 308
309;Logistica Unidade 309
310;Produto Unidade 310
311;Compras Unidade 311
312;Controladoria Unidade 312
313;Planejamento Unidade 313
314;Treinamento Unidade 314
315;Dados Unidade 315
316;Recursos Humanos Unidade 316
317;Marketing Unidade 317
318;Financas Unidade 318
319;Tecnologia Unidade 319
320;Operacoes Unidade 320
321;Comercial Unidade 321
322;Juridico Unidade 322
323;Atendimento Unidade 323
324;Logistica Unidade 324
325;Produto Unidade 325
326;Compras Unidade 326
327;Controladoria Unidade 327
328;Planejamento Unidade 328
329;Treinamento Unidade 329
330;Dados Unidade 330
331;Recursos Humanos Unidade 331
332;Marketing Unidade 332
333;Financas Unidade 333
334;Tecnologia Unidade 334
335;Operacoes Unidade 335
336;Comercial Unidade 336
337;Juridico Unidade 337
338;Atendimento Unidade 338
339;Logistica Unidade 339
340;Produto Unidade 340
341;Compras Unidade 341
342;Controladoria Unidade 342
343;Planejamento Unidade 343
344;Treinamento Unidade 344
345;Dados Unidade 345
346;Recursos Humanos Unidade 346
347;Marketing Unidade 347
348;Financas Unidade 348
349;Tecnologia Unidade 349
350;Operacoes Unidade 350
351;Comercial Unidade 351
352;Juridico Unidade 352
353;Atendimento Unidade 353
354;Logistica Unidade 354
355;Produto Unidade 355
356;Compras Unidade 356
357;Controladoria Unidade 357
358;Planejamento Unidade 358
359;Treinamento Unidade 359
360;Dados Unidade 360
361;Recursos Humanos Unidade 361
362;Marketing Unidade 362
363;Financas Unidade 363
364;Tecnologia Unidade 364
365;Operacoes Unidade 365
366;Comercial Unidade 366
367;Juridico Unidade 367
368;Atendimento Unidade 368
369;Logistica Unidade 369
370;Produto Unidade 370
371;Compras Unidade 371
372;Controladoria Unidade 372
373;Planejamento Unidade 373
374;Treinamento Unidade 374
375;Dados Unidade 375
376;Recursos Humanos Unidade 376
377;Marketing Unidade 377
378;Financas Unidade 378
379;Tecnologia Unidade 379
380;Operacoes Unidade 380
381;Comercial Unidade 381
382;Juridico Unidade 382
383;Atendimento Unidade 383
384;Logistica Unidade 384
385;Produto Unidade 385
386;Compras Unidade 386
387;Controladoria Unidade 387
388;Planejamento Unidade 388
389;Treinamento Unidade 389
390;Dados Unidade 390
391;Recursos Humanos Unidade 391
392;Marketing Unidade 392
393;Financas Unidade 393
394;Tecnologia Unidade 394
395;Operacoes Unidade 395
396;Comercial Unidade 396
397;Juridico Unidade 397
398;Atendimento Unidade 398
399;Logistica Unidade 399
400;Produto Unidade 400
401;Compras Unidade 401
402;Controladoria Unidade 402
403;Planejamento Unidade 403
404;Treinamento Unidade 404
405;Dados Unidade 405
406;Recursos Humanos Unidade 406
407;Marketing Unidade 407
408;Financas Unidade 408
409;Tecnologia Unidade 409
410;Operacoes Unidade 410
411;Comercial Unidade 411
412;Juridico Unidade 412
413;Atendimento Unidade 413
414;Logistica Unidade 414
415;Produto Unidade 415
416;Compras Unidade 416
417;Controladoria Unidade 417
418;Planejamento Unidade 418
419;Treinamento Unidade 419
420;Dados Unidade 420
421;Recursos Humanos Unidade 421
422;Marketing Unidade 422
423;Financas Unidade 423
424;Tecnologia Unidade 424
425;Operacoes Unidade 425
426;Comercial Unidade 426
427;Juridico Unidade 427
428;Atendimento Unidade 428
429;Logistica Unidade 429
430;Produto Unidade 430
431;Compras Unidade 431
432;Controladoria Unidade 432
433;Planejamento Unidade 433
434;Treinamento Unidade 434
435;Dados Unidade 435
436;Recursos Humanos Unidade 436
437;Marketing Unidade 437
438;Financas Unidade 438
439;Tecnologia Unidade 439
440;Operacoes Unidade 440
441;Comercial Unidade 441
442;Juridico Unidade 442
443;Atendimento Unidade 443
444;Logistica Unidade 444
445;Produto Unidade 445
446;Compras Unidade 446
447;Controladoria Unidade 447
448;Planejamento Unidade 448
449;Treinamento Unidade 449
450;Dados Unidade 450
451;Recursos Humanos Unidade 451
452;Marketing Unidade 452
453;Financas Unidade 453
454;Tecnologia Unidade 454
455;Operacoes Unidade 455
456;Comercial Unidade 456
457;Juridico Unidade 457
458;Atendimento Unidade 458
459;Logistica Unidade 459
460;Produto Unidade 460
461;Compras Unidade 461
462;Controladoria Unidade 462
463;Planejamento Unidade 463
464;Treinamento Unidade 464
465;Dados Unidade 465
466;Recursos Humanos Unidade 466
467;Marketing Unidade 467
468;Financas Unidade 468
469;Tecnologia Unidade 469
470;Operacoes Unidade 470
471;Comercial Unidade 471
472;Juridico Unidade 472
473;Atendimento Unidade 473
474;Logistica Unidade 474
475;Produto Unidade 475
476;Compras Unidade 476
477;Controladoria Unidade 477
478;Planejamento Unidade 478
479;Treinamento Unidade 479
480;Dados Unidade 480
481;Recursos Humanos Unidade 481
482;Marketing Unidade 482
483;Financas Unidade 483
484;Tecnologia Unidade 484
485;Operacoes Unidade 485
486;Comercial Unidade 486
487;Juridico Unidade 487
488;Atendimento Unidade 488
489;Logistica Unidade 489
490;Produto Unidade 490
491;Compras Unidade 491
492;Controladoria Unidade 492
493;Planejamento Unidade 493
494;Treinamento Unidade 494
495;Dados Unidade 495
496;Recursos Humanos Unidade 496
497;Marketing Unidade 497
498;Financas Unidade 498
499;Tecnologia Unidade 499
500;Operacoes Unidade 500
501;Comercial Unidade 501
502;Juridico Unidade 502
503;Atendimento Unidade 503
504;Logistica Unidade 504
505;Produto Unidade 505
506;Compras Unidade 506
507;Controladoria Unidade 507
508;Planejamento Unidade 508
509;Treinamento Unidade 509
510;Dados Unidade 510
511;Recursos Humanos Unidade 511
512;Marketing Unidade 512
513;Financas Unidade 513
514;Tecnologia Unidade 514
515;Operacoes Unidade 515
516;Comercial Unidade 516
517;Juridico Unidade 517
518;Atendimento Unidade 518
519;Logistica Unidade 519
520;Produto Unidade 520
521;Compras Unidade 521
522;Controladoria Unidade 522
523;Planejamento Unidade 523
524;Treinamento Unidade 524
525;Dados Unidade 525
526;Recursos Humanos Unidade 526
527;Marketing Unidade 527
528;Financas Unidade 528
529;Tecnologia Unidade 529
530;Operacoes Unidade 530
531;Comercial Unidade 531
532;Juridico Unidade 532
533;Atendimento Unidade 533
534;Logistica Unidade 534
535;Produto Unidade 535
536;Compras Unidade 536
537;Controladoria Unidade 537
538;Planejamento Unidade 538
539;Treinamento Unidade 539
540;Dados Unidade 540
541;Recursos Humanos Unidade 541
542;Marketing Unidade 542
543;Financas Unidade 543
544;Tecnologia Unidade 544
545;Operacoes Unidade 545
546;Comercial Unidade 546
547;Juridico Unidade 547
548;Atendimento Unidade 548
549;Logistica Unidade 549
550;Produto Unidade 550
551;Compras Unidade 551
552;Controladoria Unidade 552
553;Planejamento Unidade 553
554;Treinamento Unidade 554
555;Dados Unidade 555
556;Recursos Humanos Unidade 556
557;Marketing Unidade 557
558;Financas Unidade 558
559;Tecnologia Unidade 559
560;Operacoes Unidade 560
561;Comercial Unidade 561
562;Juridico Unidade 562
563;Atendimento Unidade 563
564;Logistica Unidade 564
565;Produto Unidade 565
566;Compras Unidade 566
567;Controladoria Unidade 567
568;Planejamento Unidade 568
569;Treinamento Unidade 569
570;Dados Unidade 570
571;Recursos Humanos Unidade 571
572;Marketing Unidade 572
573;Financas Unidade 573
574;Tecnologia Unidade 574
575;Operacoes Unidade 575
576;Comercial Unidade 576
577;Juridico Unidade 577
578;Atendimento Unidade 578
579;Logistica Unidade 579
580;Produto Unidade 580
581;Compras Unidade 581
582;Controladoria Unidade 582
583;Planejamento Unidade 583
584;Treinamento Unidade 584
585;Dados Unidade 585
586;Recursos Humanos Unidade 586
587;Marketing Unidade 587
588;Financas Unidade 588
589;Tecnologia Unidade 589
590;Operacoes Unidade 590
591;Comercial Unidade 591
592;Juridico Unidade 592
593;Atendimento Unidade 593
594;Logistica Unidade 594
595;Produto Unidade 595
596;Compras Unidade 596
597;Controladoria Unidade 597
598;Planejamento Unidade 598
599;Treinamento Unidade 599
600;Dados Unidade 600
601;Recursos Humanos Unidade 601
602;Marketing Unidade 602
603;Financas Unidade 603
604;Tecnologia Unidade 604
605;Operacoes Unidade 605
606;Comercial Unidade 606
607;Juridico Unidade 607
608;Atendimento Unidade 608
609;Logistica Unidade 609
610;Produto Unidade 610
611;Compras Unidade 611
612;Controladoria Unidade 612
613;Planejamento Unidade 613
614;Treinamento Unidade 614
615;Dados Unidade 615
616;Recursos Humanos Unidade 616
617;Marketing Unidade 617
618;Financas Unidade 618
619;Tecnologia Unidade 619
620;Operacoes Unidade 620
621;Comercial Unidade 621
622;Juridico Unidade 622
623;Atendimento Unidade 623
624;Logistica Unidade 624
625;Produto Unidade 625
626;Compras Unidade 626
627;Controladoria Unidade 627
628;Planejamento Unidade 628
629;Treinamento Unidade 629
630;Dados Unidade 630
631;Recursos Humanos Unidade 631
632;Marketing Unidade 632
633;Financas Unidade 633
634;Tecnologia Unidade 634
635;Operacoes Unidade 635
636;Comercial Unidade 636
637;Juridico Unidade 637
638;Atendimento Unidade 638
639;Logistica Unidade 639
640;Produto Unidade 640
641;Compras Unidade 641
642;Controladoria Unidade 642
643;Planejamento Unidade 643
644;Treinamento Unidade 644
645;Dados Unidade 645
646;Recursos Humanos Unidade 646
647;Marketing Unidade 647
648;Financas Unidade 648
649;Tecnologia Unidade 649
650;Operacoes Unidade 650
651;Comercial Unidade 651
652;Juridico Unidade 652
653;Atendimento Unidade 653
654;Logistica Unidade 654
655;Produto Unidade 655
656;Compras Unidade 656
657;Controladoria Unidade 657
658;Planejamento Unidade 658
659;Treinamento Unidade 659
660;Dados Unidade 660
661;Recursos Humanos Unidade 661
662;Marketing Unidade 662
663;Financas Unidade 663
664;Tecnologia Unidade 664
665;Operacoes Unidade 665
666;Comercial Unidade 666
667;Juridico Unidade 667
668;Atendimento Unidade 668
669;Logistica Unidade 669
670;Produto Unidade 670
671;Compras Unidade 671
672;Controladoria Unidade 672
673;Planejamento Unidade 673
674;Treinamento Unidade 674
675;Dados Unidade 675
676;Recursos Humanos Unidade 676
677;Marketing Unidade 677
678;Financas Unidade 678
679;Tecnologia Unidade 679
680;Operacoes Unidade 680
681;Comercial Unidade 681
682;Juridico Unidade 682
683;Atendimento Unidade 683
684;Logistica Unidade 684
685;Produto Unidade 685
686;Compras Unidade 686
687;Controladoria Unidade 687
688;Planejamento Unidade 688
689;Treinamento Unidade 689
690;Dados Unidade 690
691;Recursos Humanos Unidade 691
692;Marketing Unidade 692
693;Financas Unidade 693
694;Tecnologia Unidade 694
695;Operacoes Unidade 695
696;Comercial Unidade 696
697;Juridico Unidade 697
698;Atendimento Unidade 698
699;Logistica Unidade 699
700;Produto Unidade 700
701;Compras Unidade 701
702;Controladoria Unidade 702
703;Planejamento Unidade 703
704;Treinamento Unidade 704
705;Dados Unidade 705
706;Recursos Humanos Unidade 706
707;Marketing Unidade 707
708;Financas Unidade 708
709;Tecnologia Unidade 709
710;Operacoes Unidade 710
711;Comercial Unidade 711
712;Juridico Unidade 712
713;Atendimento Unidade 713
714;Logistica Unidade 714
715;Produto Unidade 715
716;Compras Unidade 716
717;Controladoria Unidade 717
718;Planejamento Unidade 718
719;Treinamento Unidade 719
720;Dados Unidade 720
721;Recursos Humanos Unidade 721
722;Marketing Unidade 722
723;Financas Unidade 723
724;Tecnologia Unidade 724
725;Operacoes Unidade 725
726;Comercial Unidade 726
727;Juridico Unidade 727
728;Atendimento Unidade 728
729;Logistica Unidade 729
730;Produto Unidade 730
731;Compras Unidade 731
732;Controladoria Unidade 732
733;Planejamento Unidade 733
734;Treinamento Unidade 734
735;Dados Unidade 735
736;Recursos Humanos Unidade 736
737;Marketing Unidade 737
738;Financas Unidade 738
739;Tecnologia Unidade 739
740;Operacoes Unidade 740
741;Comercial Unidade 741
742;Juridico Unidade 742
743;Atendimento Unidade 743
744;Logistica Unidade 744
745;Produto Unidade 745
746;Compras Unidade 746
747;Controladoria Unidade 747
748;Planejamento Unidade 748
749;Treinamento Unidade 749
750;Dados Unidade 750
751;Recursos Humanos Unidade 751
752;Marketing Unidade 752
753;Financas Unidade 753
754;Tecnologia Unidade 754
755;Operacoes Unidade 755
756;Comercial Unidade 756
757;Juridico Unidade 757
758;Atendimento Unidade 758
759;Logistica Unidade 759
760;Produto Unidade 760
761;Compras Unidade 761
762;Controladoria Unidade 762
763;Planejamento Unidade 763
764;Treinamento Unidade 764
765;Dados Unidade 765
766;Recursos Humanos Unidade 766
767;Marketing Unidade 767
768;Financas Unidade 768
769;Tecnologia Unidade 769
770;Operacoes Unidade 770
771;Comercial Unidade 771
772;Juridico Unidade 772
773;Atendimento Unidade 773
774;Logistica Unidade 774
775;Produto Unidade 775
776;Compras Unidade 776
777;Controladoria Unidade 777
778;Planejamento Unidade 778
779;Treinamento Unidade 779
780;Dados Unidade 780
781;Recursos Humanos Unidade 781
782;Marketing Unidade 782
783;Financas Unidade 783
784;Tecnologia Unidade 784
785;Operacoes Unidade 785
786;Comercial Unidade 786
787;Juridico Unidade 787
788;Atendimento Unidade 788
789;Logistica Unidade 789
790;Produto Unidade 790
791;Compras Unidade 791
792;Controladoria Unidade 792
793;Planejamento Unidade 793
794;Treinamento Unidade 794
795;Dados Unidade 795
796;Recursos Humanos Unidade 796
797;Marketing Unidade 797
798;Financas Unidade 798
799;Tecnologia Unidade 799
800;Operacoes Unidade 800
801;Comercial Unidade 801
802;Juridico Unidade 802
803;Atendimento Unidade 803
804;Logistica Unidade 804
805;Produto Unidade 805
806;Compras Unidade 806
807;Controladoria Unidade 807
808;Planejamento Unidade 808
809;Treinamento Unidade 809
810;Dados Unidade 810
811;Recursos Humanos Unidade 811
812;Marketing Unidade 812
813;Financas Unidade 813
814;Tecnologia Unidade 814
815;Operacoes Unidade 815
816;Comercial Unidade 816
817;Juridico Unidade 817
818;Atendimento Unidade 818
819;Logistica Unidade 819
820;Produto Unidade 820
821;Compras Unidade 821
822;Controladoria Unidade 822
823;Planejamento Unidade 823
824;Treinamento Unidade 824
825;Dados Unidade 825
826;Recursos Humanos Unidade 826
827;Marketing Unidade 827
828;Financas Unidade 828
829;Tecnologia Unidade 829
830;Operacoes Unidade 830
831;Comercial Unidade 831
832;Juridico Unidade 832
833;Atendimento Unidade 833
834;Logistica Unidade 834
835;Produto Unidade 835
836;Compras Unidade 836
837;Controladoria Unidade 837
838;Planejamento Unidade 838
839;Treinamento Unidade 839
840;Dados Unidade 840
841;Recursos Humanos Unidade 841
842;Marketing Unidade 842
843;Financas Unidade 843
844;Tecnologia Unidade 844
845;Operacoes Unidade 845
846;Comercial Unidade 846
847;Juridico Unidade 847
848;Atendimento Unidade 848
849;Logistica Unidade 849
850;Produto Unidade 850
851;Compras Unidade 851
852;Controladoria Unidade 852
853;Planejamento Unidade 853
854;Treinamento Unidade 854
855;Dados Unidade 855
856;Recursos Humanos Unidade 856
857;Marketing Unidade 857
858;Financas Unidade 858
859;Tecnologia Unidade 859
860;Operacoes Unidade 860
861;Comercial Unidade 861
862;Juridico Unidade 862
863;Atendimento Unidade 863
864;Logistica Unidade 864
865;Produto Unidade 865
866;Compras Unidade 866
867;Controladoria Unidade 867
868;Planejamento Unidade 868
869;Treinamento Unidade 869
870;Dados Unidade 870
871;Recursos Humanos Unidade 871
872;Marketing Unidade 872
873;Financas Unidade 873
874;Tecnologia Unidade 874
875;Operacoes Unidade 875
876;Comercial Unidade 876
877;Juridico Unidade 877
878;Atendimento Unidade 878
879;Logistica Unidade 879
880;Produto Unidade 880
881;Compras Unidade 881
882;Controladoria Unidade 882
883;Planejamento Unidade 883
884;Treinamento Unidade 884
885;Dados Unidade 885
886;Recursos Humanos Unidade 886
887;Marketing Unidade 887
888;Financas Unidade 888
889;Tecnologia Unidade 889
890;Operacoes Unidade 890
891;Comercial Unidade 891
892;Juridico Unidade 892
893;Atendimento Unidade 893
894;Logistica Unidade 894
895;Produto Unidade 895
896;Compras Unidade 896
897;Controladoria Unidade 897
898;Planejamento Unidade 898
899;Treinamento Unidade 899
900;Dados Unidade 900
901;Recursos Humanos Unidade 901
902;Marketing Unidade 902
903;Financas Unidade 903
904;Tecnologia Unidade 904
905;Operacoes Unidade 905
906;Comercial Unidade 906
907;Juridico Unidade 907
908;Atendimento Unidade 908
909;Logistica Unidade 909
910;Produto Unidade 910
911;Compras Unidade 911
912;Controladoria Unidade 912
913;Planejamento Unidade 913
914;Treinamento Unidade 914
915;Dados Unidade 915
916;Recursos Humanos Unidade 916
917;Marketing Unidade 917
918;Financas Unidade 918
919;Tecnologia Unidade 919
920;Operacoes Unidade 920
921;Comercial Unidade 921
922;Juridico Unidade 922
923;Atendimento Unidade 923
924;Logistica Unidade 924
925;Produto Unidade 925
926;Compras Unidade 926
927;Controladoria Unidade 927
928;Planejamento Unidade 928
929;Treinamento Unidade 929
930;Dados Unidade 930
931;Recursos Humanos Unidade 931
932;Marketing Unidade 932
933;Financas Unidade 933
934;Tecnologia Unidade 934
935;Operacoes Unidade 935
936;Comercial Unidade 936
937;Juridico Unidade 937
938;Atendimento Unidade 938
939;Logistica Unidade 939
940;Produto Unidade 940
941;Compras Unidade 941
942;Controladoria Unidade 942
943;Planejamento Unidade 943
944;Treinamento Unidade 944
945;Dados Unidade 945
946;Recursos Humanos Unidade 946
947;Marketing Unidade 947
948;Financas Unidade 948
949;Tecnologia Unidade 949
950;Operacoes Unidade 950
951;Comercial Unidade 951
952;Juridico Unidade 952
953;Atendimento Unidade 953
954;Logistica Unidade 954
955;Produto Unidade 955
956;Compras Unidade 956
957;Controladoria Unidade 957
958;Planejamento Unidade 958
959;Treinamento Unidade 959
960;Dados Unidade 960
961;Recursos Humanos Unidade 961
962;Marketing Unidade 962
963;Financas Unidade 963
964;Tecnologia Unidade 964
965;Operacoes Unidade 965
966;Comercial Unidade 966
967;Juridico Unidade 967
968;Atendimento Unidade 968
969;Logistica Unidade 969
970;Produto Unidade 970
971;Compras Unidade 971
972;Controladoria Unidade 972
973;Planejamento Unidade 973
974;Treinamento Unidade 974
975;Dados Unidade 975
976;Recursos Humanos Unidade 976
977;Marketing Unidade 977
978;Financas Unidade 978
979;Tecnologia Unidade 979
980;Operacoes Unidade 980
981;Comercial Unidade 981
982;Juridico Unidade 982
983;Atendimento Unidade 983
984;Logistica Unidade 984
985;Produto Unidade 985
986;Compras Unidade 986
987;Controladoria Unidade 987
988;Planejamento Unidade 988
989;Treinamento Unidade 989
990;Dados Unidade 990
991;Recursos Humanos Unidade 991
992;Marketing Unidade 992
993;Financas Unidade 993
994;Tecnologia Unidade 994
995;Operacoes Unidade 995
996;Comercial Unidade 996
997;Juridico Unidade 997
998;Atendimento Unidade 998
999;Logistica Unidade 999
1000;Produto Unidade 1000
